id_a,id_b,jaccard,longest_common_run,transposition_semitones
yvgPeb_jxYq,eWxLEkGkoaK,1.0,31,0
d_gwQONVoGV,veoYWKJygdn,1.0,62,0
WeglalBvxrY,lamkGyvZmDM,1.0,83,0
kygzdPzzoKB,AQodODqBxDl,1.0,39,0
RPxeQO_zxb_,veoYnZqGmdn,1.0,59,0
veoYeVnqodn,ZOxVZeXZxdq,1.0,49,0
BbWgMNAPxlX,ZbgOWnGQgnY,1.0,54,0
d_gwbjdQmGV,kygzAdbPmKB,1.0,30,0
kygzPZBnoKB,nLgaeYPlgYp,1.0,22,0
RzojEaYQxDe,ROmNwpzpgNw,1.0,20,0
zngRQWzDmJj,JNgqbQArxrz,1.0,36,0
bWgMNKMjxlX,WeglJNkYorY,1.0,25,6
nZgW-G-Qory,AQodArArmDl,1.0,28,0
veoYEaAVodn,RPxe_bM-mb_,1.0,35,13
Dpgv_rXOxad,d_gwBnBbmGV,1.0,54,0
RPxe_pazmb_,veoYqAWGodn,1.0,55,0
AQodArArmDl,ANmplRlZmyM,1.0,28,0
ZbgOkBApgnY,Rzoj_MAkmDe,1.0,50,4
kwxAPVergKG,veoYaeKkodn,1.0,20,1
yvgPKKwjmYq,_NgbeqZDmQA,1.0,69,0
ANmpAzyOgyM,_NgbeMKMmQA,1.0,123,0
LAgQM--lgyO,RPxeVwweob_,1.0,82,0
Abm_Z_Bzoak,lamkNdlYoDM,1.0,82,0
KyvmrlVvxOW,ANmpBMd-xyM,1.0,37,3
ZbgOWy-pgnY,bWgMBEOlxlX,1.0,72,0
kwxAaOJJxKG,nvgyAVk_gkA,1.0,50,0
_NgbzBPygQA,lamkXRQwgDM,1.0,48,0
nZgWrMWYmry,ANmpAMB-gyM,1.0,42,0
ROmNAQRpoNw,RzojeGvAxDe,1.0,57,-10
veoYeVnqodn,ZwxKvr-bged,1.0,49,0
kwxAyeYYxKG,ROmNrlLAmNw,1.0,26,0
YAg-kVwDole,RzojwvMQmDe,1.0,46,0
VMgJOVMDxqK,LAgQGqyloyO,1.0,77,0
ZwxKJyDVged,bWgMOrREolX,1.0,37,0
QLgnvXK_g-V,RPxejWBaob_,1.0,32,0
kygzOyePxKB,lamkdYWwgDM,1.0,33,0
AQodJOMqgDl,ANmpvAJOxyM,1.0,46,0
nvgyAk-RgkA,JkmZBeqjmqn,1.0,30,0
WeglaZr-xrY,nJmBJK__mAV,1.0,48,0
ZbgOqABbonY,Rzoj_MAkmDe,1.0,50,-14
yvgPAMMExYq,yvmrGKKVgOW,1.0,53,0
nvgyQyb-gkA,yvmrB_YKmOW,1.0,50,0
AQodKqvlxDl,ZwxKGpOZxed,1.0,40,0
jDgXRvynoKl,veoYeYKVodn,1.0,92,0
AaoGwJjPoeQ,nZgWADqQory,1.0,36,0
lamkkWqZmDM,JkmZMPEboqn,1.0,28,0
kygzrKlrgKB,nLgaXLMBmYp,1.0,63,-2
KexErjBXo_B,veoYOOKngdn,1.0,66,0
ZwxKqlRwmed,Rzoj-vMnxDe,1.0,52,0
zngRKzwExJj,veoYbaeGmdn,1.0,38,0
ZwxKEkDDmed,nvgyMVNRgkA,1.0,157,0
nKexEYEwx_B,DpgvJDRegad,1.0,62,0
RPxeaNBLxb_,YAg-vrODxle,1.0,50,0
VMgJAMaWmqK,nLgaWkB_oYp,1.0,310,0
ZbgO-MBMonY,dPoDq_jdmnM,1.0,16,0
RPxeQOY-xb_,RzojKGvwmDe,1.0,25,0
dPoDjwvXgnM,Abm_nEJJoak,1.0,34,0
QLgnd_NPo-V,Abm_JR_Loak,1.0,62,0
RzojdKaNgDe,d_gwdknQxGV,1.0,53,0
nJmBVnJbmAV,yvgPEJVExYq,1.0,27,0
dPoDJZMqgnM,nZgWrZwQmry,1.0,24,0
yvmrzeBlmOW,JNgq_Kdeorz,1.0,40,0
bWgMrZplxlX,dPoDQNpBmnM,1.0,21,0
JNgqqvpngrz,ZbgOALEponY,1.0,26,0
ZbgO-NEbonY,JkmZkMlZgqn,1.0,48,0
eWxLw-JpgaK,_NgbBdbpgQA,1.0,36,0
LAgQMdJXgyO,ZbgOqABbonY,1.0,50,6
jDgXMBDExKl,Rzoj-WzMxDe,1.0,48,0
Abm_VVVJoak,VMgJAAAymqK,1.0,35,0
nLgaapzdgYp,dPoDqbAZmnM,1.0,47,0
nZgWkaJwgry,_NgbAMlrmQA,1.0,40,0
ROmNAe_EoNw,Dpgv_aQexad,1.0,29,0
nLgaXK-EmYp,lamkXR_egDM,1.0,46,0
d_gwNMjrmGV,JkmZJ_pamqn,1.0,72,-1
YAg-_XLJole,jDgXRjqEoKl,1.0,39,0
YAg-kRPKole,jDgXNvQeoKl,1.0,46,0
ZbgOajOQonY,JkmZBeqjmqn,1.0,30,0
JNgqKzdWorz,RPxe_bM-mb_,1.0,35,0
ZwxKJVRVged,nZgWRBdwmry,1.0,41,0
AaoGW_wloeQ,nZgWQaqzory,1.0,38,0
ZwxKvr-bged,ZOxVZeXZxdq,1.0,49,0
nLgadKqGmYp,lamknRVZoDM,1.0,23,0
AaoGPKyRmeQ,jDgXRvynoKl,1.0,92,0
RZwxKyNZmed,dVMgJBWkgqK,1.0,16,0
dZbgOKPagnY,QLgndRPBo-V,1.0,67,0
ZdPoDAeAmnM,WAQodKMYxDl,1.0,27,0
zngRpKEAoJj,ZwxKqMwWmed,1.0,67,0
dVMgJqYEmqK,JNgqlr-Jmrz,1.0,40,0
yvgPPkOEgYq,Abm__ZMwmak,1.0,19,0
kygz-KWrmKB,QLgnGGJyx-V,1.0,30,0
DnZgWOjVgry,WAQodKMYxDl,1.0,27,0
zngRVY_MgJj,nvgyJ-WOxkA,1.0,46,0
ZbgOyZrponY,bWgMEaylglX,1.0,55,0
ZwxKWlVjxed,YAg-kLJBole,1.0,37,0
nZgWGrKzgry,AQodrOyqgDl,1.0,41,0
ZbgOkBApgnY,ZbgOqABbonY,1.0,50,18
nZgWkaWVgry,kwxABkPYoKG,1.0,73,0
veoYEaAVodn,JNgqKzdWorz,1.0,35,13
kwxAewrrxKG,JNgqlPjWmrz,1.0,61,0
d_gwNQKKmGV,yvmrAwPZoOW,1.0,47,0
ZdPoDOnqxnM,QLgnkDBBx-V,1.0,38,0
veoYbdBnmdn,DpgvVraagad,1.0,51,0
Rzoj_OvnmDe,jDgXQWbLxKl,1.0,27,-12
ZdPoDAeAmnM,DnZgWOjVgry,1.0,27,0
ROmNJnDBmNw,QLgnvN_Zg-V,1.0,74,0
veoYYlakodn,nJmBXABpxAV,1.0,53,0
nvgyJwe_xkA,yvgP_DQLmYq,1.0,54,0
d_gwBJqemGV,ANmpAMB-gyM,1.0,42,0
AaoGzWGAxeQ,Abm__WXwmak,1.0,36,0
ZOxVOPaModq,ROmNAzyEoNw,1.0,82,0
veWxLaAkoaK,nLgaQZddgYp,1.0,38,0
EzngRDraoJj,dPoDjw_qgnM,1.0,28,12
eWxLJXBMmaK,yvmrqE_voOW,1.0,47,-1
JNgqO-QXorz,ROmNzXQQmNw,1.0,59,0
veWxLEb-oaK,DpgvaBMdmad,1.0,20,0
kygzOyePxKB,nLgaJwa_xYp,1.0,33,0
veoYONXGgdn,kwxAYBMJxKG,1.0,99,0
RPxeKNn-mb_,yvmrAQAvoOW,1.0,20,-1
nLgaJwa_xYp,lamkdYWwgDM,1.0,33,0
WeglGXVLmrY,dPoDJWaOgnM,1.0,17,0
ZwxKAGywmed,RzojkBKnmDe,1.0,27,6
eWxL-veqoaK,_NgbdOZYoQA,1.0,28,0
JNgqRkyrxrz,eWxLyRqpoaK,1.0,38,-12
ZbgOa-qponY,QLgnMWQpm-V,1.0,22,0
d_gwBJqemGV,nZgWrMWYmry,1.0,42,0
kygzavjrmKB,nLgaGMnGoYp,1.0,96,0
AaoGqwvlgeQ,RPxeyBjaxb_,1.0,65,0
d_gwAjjMoGV,KexEOKBwm_B,1.0,31,0
zngRnPeegJj,KexENMyKo_B,1.0,72,-1
zngRJryagJj,nLgaQjpbgYp,1.0,46,-4
bWgMG-OlolX,ZOxVzGMMxdq,1.0,36,0
VMgJRZzEgqK,ROmNzAwjmNw,1.0,41,12
RzojWJEnmDe,nJmBVEzAmAV,1.0,36,0
nvgyQvLRgkA,KexEeXvLx_B,1.0,40,-2
zngRJqrpgJj,JNgqlJzwmrz,1.0,32,0
bWgMEjlXglX,lamkwObLmDM,1.0,60,0
nJmBOBRXgAV,AaoGOQ_EoeQ,1.0,38,0
JkmZbPM-mqn,kygzleNroKB,1.0,83,0
nZgW-G-Qory,ANmplRlZmyM,1.0,28,0
Abm_WzLDmak,_NgbzMZXgQA,1.0,118,1
ZbgOXnMQxnY,QLgnveJPg-V,1.0,18,0
nvgyAk-RgkA,RzojXDjMgDe,1.0,30,0
kjDgXnWyoKl,nvgyydK_gkA,1.0,19,0
ZbgOAVOwonY,nJmBkzl_gAV,1.0,58,0
AQodOeaqxDl,eWxLElVRoaK,1.0,46,0
NlamkZKVoDM,pJkmZwW-gqn,1.0,36,0
DpgvNplLgad,YAg-XQ_Bmle,1.0,69,0
ANmpAP-OgyM,_NgbeJwMmQA,1.0,49,0
nLgaVwVzxYp,lamkaYaMxDM,1.0,47,0
bWgMOplzolX,RPxe_jjamb_,1.0,85,0
RzojXeAQgDe,nJmBjJnWmAV,1.0,16,0
yvgPKzZjmYq,LAgQZkMexyO,1.0,43,-12
eWxLEqpqoaK,nLgaXyn_mYp,1.0,20,13
kwxAKDGWmKG,_NgbyPBDmQA,1.0,74,0
AaoGPKyRmeQ,veoYeYKVodn,1.0,92,0
kwxAYOGAxKG,veoYqKAkodn,1.0,84,0
nJmBAbNAoAV,YAg-kOvKole,1.0,36,0
kygzdPzzoKB,kygzlOZPoKB,1.0,39,0
ZwxKWZdWxed,QLgndk_po-V,1.0,46,0
nZgWnLVYmry,RzojwBbjmDe,1.0,97,0
DpgvJBQBgad,ANmplzkPmyM,1.0,38,0
zngRRQzagJj,lamkynywxDM,1.0,61,0
QLgnyRlZm-V,bWgMQEOXglX,1.0,49,0
ZbgOajOQonY,nvgyAk-RgkA,1.0,30,0
nJmBXWAbxAV,AaoG-nqRgeQ,1.0,72,0
wnvgyAG_gkA,KyvmrlVvxOW,1.0,37,0
JNgqJGNexrz,ZwxKkGYjxed,1.0,46,0
wnvgyAG_gkA,ANmpBMd-xyM,1.0,37,3
kygzlOZPoKB,AQodODqBxDl,1.0,39,0
l_NgbeVXmQA,pyvgPkDXmYq,1.0,17,0
lamk_zEYmDM,_NgbberbgQA,1.0,41,0
ZdPoD-LRmnM,AaoGXD_zmeQ,1.0,28,0
AaoGqDPRgeQ,nJmBbOK_mAV,1.0,50,14
dJNgqpwrmrz,yvmrnpZlmOW,1.0,46,0
kwxAwYvWmKG,d_gwAXXKoGV,1.0,89,0
JNgqqvpngrz,QLgnPVEpo-V,1.0,26,0
ZbgOALEponY,QLgnPVEpo-V,1.0,26,0
RzojE-qnxDe,ROmNAzyEoNw,1.0,82,0
VMgJAMaWmqK,VMgJKynWxqK,1.0,310,0
VMgJRZqVgqK,LAgQZkAexyO,1.0,62,0
ROmNJnXQmNw,ANmpGLKdoyM,1.0,62,0
nLgaWkB_oYp,VMgJKynWxqK,1.0,310,0
ZbgOajOQonY,RzojXDjMgDe,1.0,30,0
yvgPKvDXmYq,DpgvjXEagad,1.0,26,0
AROmNvYBmNw,wDpgvAWLmad,1.0,49,0
_NgbYYnYmQA,LAgQAbdRgyO,1.0,52,0
bWgMAZQKglX,Abm_MjyLxak,1.0,77,0
d_gwQONVoGV,nZgWnXLwmry,1.0,62,0
RzojaajLxDe,LAgQVXyRxyO,1.0,26,0
ROmNYOPQoNw,yvmrqLpKoOW,1.0,69,0
LAgQrABExyO,RzojWkkkmDe,1.0,46,0
nZgWnXLwmry,veoYWKJygdn,1.0,62,0
ZOxVOPaModq,RzojE-qnxDe,1.0,82,0
LAgQMdJXgyO,Rzoj_MAkmDe,1.0,50,-8
ROmNJ-D_mNw,DpgvvOzLgad,1.0,53,0
ZOxVWBvModq,eWxL-WYkoaK,1.0,23,0
JkmZBeqjmqn,RzojXDjMgDe,1.0,30,0
JNgqdXn-mrz,QLgnMWb_m-V,1.0,40,0
AQodk-kWxDl,ROmNzMZAmNw,1.0,19,0
JNgqBKQexrz,d_gwQO_boGV,1.0,29,0
AQodK-NrxDl,eWxL-qGEoaK,1.0,22,0
LAgQYqnJgyO,ZbgOKrQQgnY,1.0,17,0
LAgQMdJXgyO,ZbgOkBApgnY,1.0,102,-12
KexEGpdXm_B,QLgnQKPEm-V,1.0,45,0
nvgyrOLzxkA,VMgJkpeAxqK,1.0,62,0
QLgnWLPZx-V,ROmNaWwjoNw,1.0,99,0
yvgPOjNLmYq,d_gwbwzQmGV,1.0,42,1
AQodXdRpoDl,bWgMMzNPglX,1.0,46,0
veoYjeEnmdn,RPxe_yMLmb_,0.983,66,-1
yvgP_WDKmYq,QLgnyGLYm-V,0.978,52,0
kwxAykWWxKG,yvmrqE_voOW,0.975,46,-1
kwxAykWWxKG,eWxLJXBMmaK,0.975,46,0
nJmBkrd_gAV,kwxAykWWxKG,0.949,44,2
eWxLnYVkmaK,RzojWn-wmDe,0.941,23,0
veoYEaAVodn,yvmrlkdaxOW,0.931,34,13
JNgqKzdWorz,yvmrlkdaxOW,0.931,34,0
yvmrlkdaxOW,RPxe_bM-mb_,0.931,34,0
nJmBkrd_gAV,yvmrqE_voOW,0.925,44,1
nJmBkrd_gAV,eWxLJXBMmaK,0.925,44,2
YAg-_VnDole,JkmZBqD-mqn,0.922,54,0
bWgMBEOlxlX,JNgq-LKrgrz,0.911,70,0
ZbgOWy-pgnY,JNgq-LKrgrz,0.911,70,0
ZdPoDOnqxnM,veoYOwjGgdn,0.906,36,0
veoYOwjGgdn,QLgnkDBBx-V,0.906,36,0
AQod_rJKxDl,lamknRwLoDM,0.9,27,0
d_gwyNnNoGV,d_gwrWPKmGV,0.889,39,12
jDgXRZqnoKl,dPoDJEERgnM,0.886,42,0
jDgXRBneoKl,ZbgOajOQonY,0.882,22,-2
jDgXRBneoKl,nvgyAk-RgkA,0.882,22,-2
jDgXRBneoKl,RzojXDjMgDe,0.882,22,-2
jDgXRBneoKl,JkmZBeqjmqn,0.882,22,-2
nvgyyqy_gkA,Abm_nYZwoak,0.875,54,-12
ANmpBMd-xyM,_NgbOa_yxQA,0.875,35,-3
wnvgyAG_gkA,_NgbOa_yxQA,0.875,35,0
KyvmrlVvxOW,_NgbOa_yxQA,0.875,35,0
NlamklBVgDM,veoYMpVGodn,0.869,85,-1
KexEqypOx_B,RzojXZbngDe,0.867,50,-1
YAg-aVlagle,_Ngb_LPOxQA,0.867,59,0
WegljvaYorY,ZwxKbjOVged,0.857,19,0
RZwxK-Wjmed,ZOxVzz_axdq,0.852,53,0
jDgXV-YqoKl,Abm_n-Bwoak,0.846,29,1
RPxeBzPeob_,RPxenjbPob_,0.842,26,0
kygzQVVbmKB,nLgaXjjBmYp,0.833,52,0
QLgnQdAEm-V,bWgMrZvjxlX,0.826,68,0
QLgnGROyx-V,bWgMPEbPmlX,0.824,22,0
JkmZbPnkmqn,LAgQZkWexyO,0.822,67,0
kygzPaGLoKB,lamkzEQYoDM,0.818,39,1
ZOxV_Pvyodq,WeglPGDvgrY,0.81,25,0
kwxAyprWxKG,ROmNrEAnmNw,0.803,64,-1
ZwxKWJ_jxed,ROmNJjG_mNw,0.796,50,0
JNgqlYGJmrz,WeglkKEJmrY,0.792,49,0
lamkdVeLgDM,kygzl-yzoKB,0.775,50,0
kygzlkJjoKB,lamkXRewgDM,0.767,40,-10
ZwxKJyDVged,kygzRbPPgKB,0.765,33,0
bWgMOrREolX,kygzRbPPgKB,0.765,33,0
yvmrqAZdoOW,Rzoj_pYQmDe,0.758,32,12
RzojEjbLxDe,ZwxKqAbbmed,0.745,57,2
Abm__Zbzmak,ANmpdAwOmyM,0.742,36,0
kygzrQRbgKB,lamkkXyVmDM,0.727,38,0
bWgMwREkolX,ANmpAzdOgyM,0.727,55,0
ZOxVzVdAxdq,QLgnkPDyx-V,0.727,39,1
ROmNeENBoNw,lamkXbqYgDM,0.724,28,0
nvgy-z-zgkA,yvgPqrqYxYq,0.724,28,0
ANmpnOKnxyM,d_gw-zEVoGV,0.72,33,-1
veoYJPqnmdn,LAgQYqnJgyO,0.714,17,0
EzngRDraoJj,KexEMqwKx_B,0.714,28,9
veoYJPqnmdn,ZbgOKrQQgnY,0.714,17,0
dPoDjw_qgnM,KexEMqwKx_B,0.714,28,-3
dPoDqwJRmnM,ROmNabejoNw,0.705,60,0
veoYnYnzmdn,DpgvGDGOxad,0.7,28,-2
QLgnBQZBg-V,Dpgv-pAamad,0.696,29,-2
QLgnjjqvg-V,RPxenKpPob_,0.695,34,0
_NgbzvybgQA,QLgneMbvm-V,0.695,52,0
KexEePaOx_B,kygzpYDnoKB,0.688,29,-2
kwxAVK_JoKG,ANmpQRVOgyM,0.684,20,0
AQodREPqgDl,jDgXRXjdoKl,0.682,36,2
dPoDR_lXgnM,eWxLJ_rMmaK,0.68,28,-8
Rzoj_MAkmDe,ROmNrOvzmNw,0.68,24,12
ZbgOqABbonY,ROmNrOvzmNw,0.68,24,-2
LAgQMdJXgyO,ROmNrOvzmNw,0.68,24,4
ZbgOkBApgnY,ROmNrOvzmNw,0.68,24,16
LAgQjGKXxyO,RzojGAeMmDe,0.677,28,-2
ZbgOaWBwonY,dPoDjaBOgnM,0.675,51,0
YAg-DZPamle,jDgXZpQNoKl,0.667,30,-3
nLga_qJ_oYp,lamk_APAmDM,0.667,25,-3
JkmZJkv_mqn,ZOxVP-ZZmdq,0.661,44,0
_Ngbzj_YgQA,ZbgOaykQonY,0.658,32,0
knJmBab_oAV,ROmNARMjoNw,0.657,38,0
eWxLknnkgaK,nvgyWrrOokA,0.656,29,-11
JkmZbNvjmqn,VMgJRzOygqK,0.653,50,0
RPxeBYKeob_,VMgJkl-DxqK,0.649,31,-2
d_gwAyreoGV,VMgJRGYKgqK,0.647,32,0
AROmNzwEmNw,BbWgMwZXolX,0.643,34,0
ROmNzb_QmNw,DpgvlyQkoad,0.639,53,0
ANmpWDAdoyM,ANmpWDr-oyM,0.638,30,3
DpgvvyDBgad,YAg-kJKVole,0.636,49,3
KexEbzBeo_B,dPoDJYQdgnM,0.632,110,0
RPxeynbLxb_,nZgWOMdVgry,0.632,81,0
LAgQEYpRgyO,RPxenqwAob_,0.625,17,0
nLgaN-KbxYp,kygzQa_BmKB,0.615,29,6
RPxeqbyaxb_,nJmBvnApmAV,0.608,38,0
bWgMMBaXglX,RzojzwZnoDe,0.606,62,-2
RPxeQrzaxb_,bWgMPMOXmlX,0.604,63,0
lamkZaLeoDM,KexEvMzvo_B,0.6,31,0
JkmZYzrPoqn,_NgbAJeymQA,0.6,19,-12
yvgPeeGAxYq,zngRNNnEgJj,0.6,37,0
AQodvlNKgDl,nvgyrybOxkA,0.6,59,0
JkmZBQPkmqn,lamkXJLLgDM,0.591,32,2
jDgXkXEEmKl,nvgyQELOgkA,0.591,36,-5
RzojG_rNmDe,ZOxVy_yBgdq,0.586,51,2
QLgnWXz_x-V,AaoGqaQkgeQ,0.583,14,0
DpgvaKPRmad,yvgP_zMLmYq,0.581,25,-8
JkmZnvJJmqn,LAgQElMXgyO,0.571,23,-1
lamkBzLVoDM,VMgJAWdKmqK,0.571,40,0
pyvgP_LEmYq,nLga_YJloYp,0.571,31,0
lamkwkQLmDM,DpgvaQNdmad,0.563,32,-9
AaoGvXqRxeQ,d_gwAKkNoGV,0.562,16,12
Abm_WJkPmak,ZOxVzRQyxdq,0.559,26,0
AQodOdJpxDl,ANmpAEvPgyM,0.557,26,12
DpgvV_akgad,YAg-KEZDole,0.557,92,0
JkmZMWq_oqn,RzojaYjwxDe,0.554,43,-1
kygz-ErzmKB,kygzMDNLmKB,0.545,49,1
LAgQMbXvgyO,ZOxVy_yBgdq,0.543,23,-3
LAgQMQMrgyO,KexEqvWVx_B,0.542,20,5
KexEE_NOx_B,nJmBOK_bgAV,0.538,22,-1
ZwxKaVbPmed,ZOxV_VbBodq,0.531,44,-2
d_gwAYbKoGV,veoYqGLqodn,0.531,16,5
ANmprElnxyM,zngRBjbDgJj,0.531,35,0
nJmBkrd_gAV,jDgXQEDnxKl,0.529,22,5
yvgPGANdmYq,KexEQzwex_B,0.529,16,-1
nJmBWVpkgAV,jDgXnNe_oKl,0.527,38,-6
AaoGW_wloeQ,AQodK-XqxDl,0.526,27,1
AQodK-XqxDl,nZgWQaqzory,0.526,27,-1
RzojWJEnmDe,JNgqbQArxrz,0.526,27,0
nJmBVEzAmAV,JNgqbQArxrz,0.526,27,0
RzojWJEnmDe,zngRQWzDmJj,0.526,27,0
nJmBVEzAmAV,zngRQWzDmJj,0.526,27,0
yvmrlKpvxOW,RzojXLKMgDe,0.525,24,0
AnLgadRlmYp,RzojwOVnmDe,0.524,29,-12
yvmrA_-zoOW,YAg-PLGwmle,0.514,20,6
lamkwkQLmDM,RPxePWP-gb_,0.512,40,-11
bWgMOarjolX,_NgbQrdOmQA,0.51,33,0
kwxAykWWxKG,jDgXQEDnxKl,0.509,22,3
nKexEYEwx_B,AQodvbrKgDl,0.5,26,-13
nLgaQOeBgYp,yvgPkqXAmYq,0.5,39,-2
yvmrqE_voOW,jDgXQEDnxKl,0.5,22,4
eWxLJXBMmaK,jDgXQEDnxKl,0.5,22,3
AQodvbrKgDl,DpgvJDRegad,0.5,26,13
nYAg-vYAxle,nvgy-XMRgkA,0.5,18,2
RPxePAZ-gb_,nJmBPApAxAV,0.5,37,-12
QLgnQnNZm-V,VMgJRMEEgqK,0.5,34,12
LAgQMbXvgyO,d_gwAYbKoGV,0.489,29,-7
veoYYGLjodn,ZwxKGYLGxed,0.488,29,0
RPxeynbLxb_,YAg-kJvJole,0.486,68,0
VMgJkjkyxqK,dPoDjwvXgnM,0.486,19,0
VMgJkjkyxqK,Abm_nEJJoak,0.486,19,0
ROmNAbl_oNw,nZgW_YpQgry,0.485,87,0
yvgP_qaEmYq,nLgadynlmYp,0.485,28,-17
KexEbrrYo_B,d_gwByybmGV,0.481,36,-4
-kwxAaXYxKG,dPoDRdLXgnM,0.476,17,-1
nJmBPkQExAV,nJmBOK_bgAV,0.476,22,-1
ZwxKbjBDged,DpgvaLXOmad,0.475,22,-1
ANmpXyPnmyM,kwxAYJbWxKG,0.475,35,0
nZgWOXlzgry,nLgaBaNdxYp,0.471,38,-3
AaoGBdNJxeQ,Abm_nOLPoak,0.468,29,-1
KexE-XZVx_B,kygzAyXzmKB,0.464,20,-5
WeglaBbJxrY,dPoDDqrRonM,0.464,16,0
KexEE_NOx_B,nJmBPkQExAV,0.463,22,0
eWxLkGJ-gaK,yvmrdXqlxOW,0.462,47,-24
WeglJD_YorY,nZgWRZ-_mry,0.459,35,0
yvgPnnqKoYq,VMgJqXdKmqK,0.457,23,-2
dVMgJjakgqK,kygzljvPoKB,0.457,23,0
nJmBAbMkoAV,d_gwQrnVoGV,0.456,61,2
ANmpGLKdoyM,YAg-XEWPmle,0.455,29,0
ROmNGlXjgNw,d_gwkRVNgGV,0.455,22,10
ROmNJnXQmNw,YAg-XEWPmle,0.455,29,0
AQodnQMlgDl,eWxLyeqqoaK,0.453,56,7
WegldwWlgrY,RzojdrMLgDe,0.447,28,0
ZOxVy_yBgdq,d_gwAYbKoGV,0.441,21,-4
AQodnzlrgDl,JkmZYywjoqn,0.438,34,4
AaoGzQzJxeQ,eWxLnPbqmaK,0.436,41,10
WAQodrNWgDl,YAg-akPDgle,0.436,25,0
LAgQVGJJxyO,veoYMvNyodn,0.432,23,1
nZgWrrZwmry,kwxAaazQxKG,0.429,31,-2
nvgyYMRegkA,JNgqlnywmrz,0.424,22,-2
l_NgbEBDmQA,YAg-KVbJole,0.422,34,1
KexE-XZVx_B,d_gwb_XKmGV,0.419,20,-9
AQodO__qxDl,kwxAaGGJxKG,0.419,19,4
nRPxelBegb_,yvgPZR_joYq,0.417,20,-3
KexEE_NOx_B,nvgyJXMexkA,0.415,21,0
nLgaBaNdxYp,ZOxVy_yBgdq,0.415,31,4
RPxeqbyaxb_,bWgMNROkxlX,0.412,28,0
lamk_ApvmDM,eWxL-ddqoaK,0.412,28,3
ZwxKaBbDmed,RzojWOXNmDe,0.41,23,5
YAg-Ldqamle,DpgvaddLmad,0.41,17,0
YAg-YMDBgle,ZbgOArPponY,0.409,16,-2
nvgyyy-rgkA,lamkGYLVmDM,0.408,56,-9
YAg-qDkBgle,jDgXVZNdoKl,0.407,18,0
lamkXXMLgDM,JkmZBBzamqn,0.405,38,-2
bWgMraPlxlX,WeglvQ_-orY,0.405,24,-1
QLgndyp_o-V,KexEErpYx_B,0.403,25,0
jDgXpdEdgKl,ZbgOYdlponY,0.403,35,0
kwxAaqNXxKG,JkmZkMlZgqn,0.4,24,-4
ZbgO-NEbonY,kwxAaqNXxKG,0.4,24,4
dPoDPRROonM,AQodnaqqgDl,0.397,48,-3
nZgWOpkEgry,nJmBPEDExAV,0.396,32,-2
yvgP_RAjmYq,yvmrqDGaoOW,0.396,63,-1
ZbgOKpOkgnY,nJmBvpOXmAV,0.395,27,1
nZgWOMdVgry,YAg-kJvJole,0.392,68,0
nZgWOyKrgry,_NgbnYkXgQA,0.391,19,13
DpgvdvRaoad,bWgMGBDkolX,0.39,54,-4
LAgQKQQroyO,QLgnPPrEo-V,0.386,34,-3
yvgPPzAdgYq,kwxAavBYxKG,0.385,56,-12
nvgyyeqXgkA,d_gwAYbKoGV,0.381,22,3
yvgPnEyLoYq,zngRpzrMoJj,0.379,18,0
QLgnPXnEo-V,kygzQwvbmKB,0.378,21,-2
AQodXVDqoDl,ZOxVbZw_xdq,0.377,38,0
yvgPEDaExYq,JkmZBkz_mqn,0.377,28,13
nvgyyeqXgkA,veoYqGLqodn,0.372,15,8
zngRREnEgJj,eWxLvZQRmaK,0.37,26,-4
lamkBLZwoDM,kygzaVNnmKB,0.368,21,-2
LAgQMbXvgyO,nLgaBaNdxYp,0.362,16,-7
nZgWnEBVmry,WeglGVramrY,0.36,31,0
RPxePWP-gb_,DpgvaQNdmad,0.36,31,2
WegljK-AorY,JNgqRvJWxrz,0.356,27,-11
nLgaBaNdxYp,LAgQAPJrgyO,0.354,31,13
yvgPkROKmYq,Wegl_KLJmrY,0.351,20,0
veoYqOZqodn,yvgPkqXAmYq,0.35,28,3
kygzpBQjoKB,dPoDXEdOonM,0.348,24,14
RPxeKANqmb_,veoYqGLqodn,0.344,24,-1
ZOxVy_yBgdq,KexEQGlwx_B,0.341,15,-6
zngRBjbDgJj,yvgPArWLxYq,0.34,29,-1
WeglOqk-mrY,d_gwAYbKoGV,0.328,20,6
d_gwb_XKmGV,kygzAyXzmKB,0.325,20,4
dPoDVWzOgnM,Dpgv_EXDxad,0.323,37,5
RPxeOldqmb_,kygzPYNBoKB,0.316,37,12
LAgQMbXvgyO,veoYqGLqodn,0.315,15,-2
KexEjdNKo_B,nLgadMaEmYp,0.314,29,4
RzojWMkMmDe,d_gwAYbKoGV,0.312,14,-10
ZbgOQnvaonY,VMgJBqYygqK,0.312,86,-1
ANmpveWOxyM,d_gwrOVNmGV,0.31,108,0
QLgnBZXvg-V,JkmZwZlPgqn,0.308,15,-3
yvmrzZKJmOW,LAgQMbXvgyO,0.3,23,14
LAgQMbXvgyO,kygzbNabgKB,0.3,19,-5
zngRVrQpgJj,AQodRlMYgDl,0.3,22,-1
JNgqAr-Egrz,d_gwjaaNmGV,0.298,32,-12
nJmByRkpoAV,ZOxVrkX_xdq,0.297,13,0
RPxeWEnamb_,bWgMwynzolX,0.293,34,0
nLgaBaNdxYp,KexEQGlwx_B,0.286,14,-1
yvmrzZKJmOW,d_gwAYbKoGV,0.284,23,7
WeglGKGJmrY,veoYeKeyodn,0.283,15,-1
ZbgOn-VMmnY,yvmrlAQKxOW,0.273,22,0
KyvmrelJoOW,RzojG_rNmDe,0.265,19,5
veoYekAVodn,Wegl_rXamrY,0.26,25,1
RPxeO_GLmb_,bWgMQVAlglX,0.259,17,2
nvgyyeqXgkA,LAgQMbXvgyO,0.25,25,10
LAgQMbXvgyO,KexEQGlwx_B,0.226,14,-9
RzojWMkMmDe,LAgQMbXvgyO,0.214,14,-3
AaoGqdDPgeQ,nZgW_YpQgry,0.211,19,-5
RPxeB__eob_,veoYBqqkmdn,0.211,23,4
KexEQGlwx_B,lamkXJMegDM,0.205,17,24
nvgyyeqXgkA,RzojWMkMmDe,0.197,14,13
JkmZYkv-oqn,VMgJjMOKgqK,0.184,16,0
ROmNzAYQmNw,YAg-_ELDole,0.171,21,-8
jDgXNnLdoKl,ROmNyOZAoNw,0.171,19,1
Abm_jLMDoak,LAgQAPJrgyO,0.161,15,7
nLgaBaNdxYp,Abm_jLMDoak,0.158,15,6
QLgnvOQvg-V,d_gw-rBboGV,0.156,12,4
